firstName,lastName,badgeId,workGroupName
CSLGO,1,CSLGO001,Lego
CSLGO,2,CSLGO002,Lego
CSLGO,3,CSLGO003,Lego
CSLGO,4,CSLGO004,Lego
CSLGO,5,CSLGO005,Lego
CSLGO,6,CSLGO006,Lego
CSLGO,7,CSLGO007,Lego
CSLGO,8,CSLGO008,Lego
CSLGO,9,CSLGO009,Lego
CSLGO,10,CSLGO010,Lego
CSLGO,11,CSLGO011,Lego
CSLGO,12,CSLGO012,Lego
CSLGO,13,CSLGO013,Lego
CSLGO,14,CSLGO014,Lego
CSLGO,15,CSLGO015,Lego
CSLGO,16,CSLGO016,Lego
CSLGO,17,CSLGO017,Lego
CSLGO,18,CSLGO018,Lego
CSLGO,19,CSLGO019,Lego
CSLGO,20,CSLGO020,Lego
CSLGO,21,CSLGO021,Lego
CSLGO,22,CSLGO022,Lego
CSLGO,23,CSLGO023,Lego
CSLGO,24,CSLGO024,Lego
CSLGO,25,CSLGO025,Lego
CSLGO,26,CSLGO026,Lego
CSLGO,27,CSLGO027,Lego
CSLGO,28,CSLGO028,Lego
CSLGO,29,CSLGO029,Lego
CSLGO,30,CSLGO030,Lego
CSLGO,31,CSLGO031,Lego
CSLGO,32,CSLGO032,Lego
CSLGO,33,CSLGO033,Lego
CSLGO,34,CSLGO034,Lego
CSLGO,35,CSLGO035,Lego
CSLGO,36,CSLGO036,Lego
CSLGO,37,CSLGO037,Lego
CSLGO,38,CSLGO038,Lego
CSLGO,39,CSLGO039,Lego
CSLGO,40,CSLGO040,Lego
CSLGO,41,CSLGO041,Lego
CSLGO,42,CSLGO042,Lego
CSLGO,43,CSLGO043,Lego
CSLGO,44,CSLGO044,Lego
CSLGO,45,CSLGO045,Lego
CSLGO,46,CSLGO046,Lego
CSLGO,47,CSLGO047,Lego
CSLGO,48,CSLGO048,Lego
CSLGO,49,CSLGO049,Lego
CSLGO,50,CSLGO050,Lego
CSLGO,51,CSLGO051,Lego
CSLGO,52,CSLGO052,Lego
CSLGO,53,CSLGO053,Lego
CSLGO,54,CSLGO054,Lego
CSLGO,55,CSLGO055,Lego
CSLGO,56,CSLGO056,Lego
CSLGO,57,CSLGO057,Lego
CSLGO,58,CSLGO058,Lego
CSLGO,59,CSLGO059,Lego
CSLGO,60,CSLGO060,Lego
CSLGO,61,CSLGO061,Lego
CSLGO,62,CSLGO062,Lego
CSLGO,63,CSLGO063,Lego
CSLGO,64,CSLGO064,Lego
CSLGO,65,CSLGO065,Lego
CSLGO,66,CSLGO066,Lego
CSLGO,67,CSLGO067,Lego
CSLGO,68,CSLGO068,Lego
CSLGO,69,CSLGO069,Lego
CSLGO,70,CSLGO070,Lego
CSLGO,71,CSLGO071,Lego
CSLGO,72,CSLGO072,Lego
CSLGO,73,CSLGO073,Lego
CSLGO,74,CSLGO074,Lego
CSLGO,75,CSLGO075,Lego
CSLGO,76,CSLGO076,Lego
CSLGO,77,CSLGO077,Lego
CSLGO,78,CSLGO078,Lego
CSLGO,79,CSLGO079,Lego
CSLGO,80,CSLGO080,Lego
CSLGO,81,CSLGO081,Lego
CSLGO,82,CSLGO082,Lego
CSLGO,83,CSLGO083,Lego
CSLGO,84,CSLGO084,Lego
CSLGO,85,CSLGO085,Lego
CSLGO,86,CSLGO086,Lego
CSLGO,87,CSLGO087,Lego
CSLGO,88,CSLGO088,Lego
CSLGO,89,CSLGO089,Lego
CSLGO,90,CSLGO090,Lego
CSLGO,91,CSLGO091,Lego
CSLGO,92,CSLGO092,Lego
CSLGO,93,CSLGO093,Lego
CSLGO,94,CSLGO094,Lego
CSLGO,95,CSLGO095,Lego
CSLGO,96,CSLGO096,Lego
CSLGO,97,CSLGO097,Lego
CSLGO,98,CSLGO098,Lego
CSLGO,99,CSLGO099,Lego
CSLGO,100,CSLGO100,Lego
CSLGO,101,CSLGO101,Lego
CSLGO,102,CSLGO102,Lego
CSLGO,103,CSLGO103,Lego
CSLGO,104,CSLGO104,Lego
CSLGO,105,CSLGO105,Lego
CSLGO,106,CSLGO106,Lego
CSLGO,107,CSLGO107,Lego
CSLGO,108,CSLGO108,Lego
CSLGO,109,CSLGO109,Lego
CSLGO,110,CSLGO110,Lego
CSLGO,111,CSLGO111,Lego
CSLGO,112,CSLGO112,Lego
CSLGO,113,CSLGO113,Lego
CSLGO,114,CSLGO114,Lego
CSLGO,115,CSLGO115,Lego
CSLGO,116,CSLGO116,Lego
CSLGO,117,CSLGO117,Lego
CSLGO,118,CSLGO118,Lego
CSLGO,119,CSLGO119,Lego
CSLGO,120,CSLGO120,Lego
CSLGO,121,CSLGO121,Lego
CSLGO,122,CSLGO122,Lego
CSLGO,123,CSLGO123,Lego
CSLGO,124,CSLGO124,Lego
CSLGO,125,CSLGO125,Lego
CSLGO,126,CSLGO126,Lego
CSLGO,127,CSLGO127,Lego
CSLGO,128,CSLGO128,Lego
CSLGO,129,CSLGO129,Lego
CSLGO,130,CSLGO130,Lego
CSLGO,131,CSLGO131,Lego
CSLGO,132,CSLGO132,Lego
CSLGO,133,CSLGO133,Lego
CSLGO,134,CSLGO134,Lego
CSLGO,135,CSLGO135,Lego
CSLGO,136,CSLGO136,Lego
CSLGO,137,CSLGO137,Lego
CSLGO,138,CSLGO138,Lego
CSLGO,139,CSLGO139,Lego
CSLGO,140,CSLGO140,Lego
CSLGO,141,CSLGO141,Lego
CSLGO,142,CSLGO142,Lego
CSLGO,143,CSLGO143,Lego
CSLGO,144,CSLGO144,Lego
CSLGO,145,CSLGO145,Lego
CSLGO,146,CSLGO146,Lego
CSLGO,147,CSLGO147,Lego
CSLGO,148,CSLGO148,Lego
CSLGO,149,CSLGO149,Lego
CSLGO,150,CSLGO150,Lego
CSLGO,151,CSLGO151,Lego
CSLGO,152,CSLGO152,Lego
CSLGO,153,CSLGO153,Lego
CSLGO,154,CSLGO154,Lego
CSLGO,155,CSLGO155,Lego
CSLGO,156,CSLGO156,Lego
CSLGO,157,CSLGO157,Lego
CSLGO,158,CSLGO158,Lego
CSLGO,159,CSLGO159,Lego
CSLGO,160,CSLGO160,Lego
CSLGO,161,CSLGO161,Lego
CSLGO,162,CSLGO162,Lego
CSLGO,163,CSLGO163,Lego
CSLGO,164,CSLGO164,Lego
CSLGO,165,CSLGO165,Lego
CSLGO,166,CSLGO166,Lego
CSLGO,167,CSLGO167,Lego
CSLGO,168,CSLGO168,Lego
CSLGO,169,CSLGO169,Lego
CSLGO,170,CSLGO170,Lego
CSLGO,171,CSLGO171,Lego
CSLGO,172,CSLGO172,Lego
CSLGO,173,CSLGO173,Lego
CSLGO,174,CSLGO174,Lego
CSLGO,175,CSLGO175,Lego
CSLGO,176,CSLGO176,Lego
CSLGO,177,CSLGO177,Lego
CSLGO,178,CSLGO178,Lego
CSLGO,179,CSLGO179,Lego
CSLGO,180,CSLGO180,Lego
CSLGO,181,CSLGO181,Lego
CSLGO,182,CSLGO182,Lego
CSLGO,183,CSLGO183,Lego
CSLGO,184,CSLGO184,Lego
CSLGO,185,CSLGO185,Lego
CSLGO,186,CSLGO186,Lego
CSLGO,187,CSLGO187,Lego
CSLGO,188,CSLGO188,Lego
CSLGO,189,CSLGO189,Lego
CSLGO,190,CSLGO190,Lego
CSLGO,191,CSLGO191,Lego
CSLGO,192,CSLGO192,Lego
CSLGO,193,CSLGO193,Lego
CSLGO,194,CSLGO194,Lego
CSLGO,195,CSLGO195,Lego
CSLGO,196,CSLGO196,Lego
CSLGO,197,CSLGO197,Lego
CSLGO,198,CSLGO198,Lego
CSLGO,199,CSLGO199,Lego
CSLGO,200,CSLGO200,Lego
CSLGO,201,CSLGO201,Lego
CSLGO,202,CSLGO202,Lego
CSLGO,203,CSLGO203,Lego
CSLGO,204,CSLGO204,Lego
CSLGO,205,CSLGO205,Lego
CSLGO,206,CSLGO206,Lego
CSLGO,207,CSLGO207,Lego
CSLGO,208,CSLGO208,Lego
CSLGO,209,CSLGO209,Lego
CSLGO,210,CSLGO210,Lego
CSLGO,211,CSLGO211,Lego
CSLGO,212,CSLGO212,Lego
CSLGO,213,CSLGO213,Lego
CSLGO,214,CSLGO214,Lego
CSLGO,215,CSLGO215,Lego
CSLGO,216,CSLGO216,Lego
CSLGO,217,CSLGO217,Lego
CSLGO,218,CSLGO218,Lego
CSLGO,219,CSLGO219,Lego
CSLGO,220,CSLGO220,Lego
CSLGO,221,CSLGO221,Lego
CSLGO,222,CSLGO222,Lego
CSLGO,223,CSLGO223,Lego
CSLGO,224,CSLGO224,Lego
CSLGO,225,CSLGO225,Lego
CSLGO,226,CSLGO226,Lego
CSLGO,227,CSLGO227,Lego
CSLGO,228,CSLGO228,Lego
CSLGO,229,CSLGO229,Lego
CSLGO,230,CSLGO230,Lego
CSLGO,231,CSLGO231,Lego
CSLGO,232,CSLGO232,Lego
CSLGO,233,CSLGO233,Lego
CSLGO,234,CSLGO234,Lego
CSLGO,235,CSLGO235,Lego
CSLGO,236,CSLGO236,Lego
CSLGO,237,CSLGO237,Lego
CSLGO,238,CSLGO238,Lego
CSLGO,239,CSLGO239,Lego
CSLGO,240,CSLGO240,Lego
CSLGO,241,CSLGO241,Lego
CSLGO,242,CSLGO242,Lego
CSLGO,243,CSLGO243,Lego
CSLGO,244,CSLGO244,Lego
CSLGO,245,CSLGO245,Lego
CSLGO,246,CSLGO246,Lego
CSLGO,247,CSLGO247,Lego
CSLGO,248,CSLGO248,Lego
CSLGO,249,CSLGO249,Lego
CSLGO,250,CSLGO250,Lego
CSLGO,251,CSLGO251,Lego
CSLGO,252,CSLGO252,Lego
CSLGO,253,CSLGO253,Lego
CSLGO,254,CSLGO254,Lego
CSLGO,255,CSLGO255,Lego
CSLGO,256,CSLGO256,Lego
CSLGO,257,CSLGO257,Lego
CSLGO,258,CSLGO258,Lego
CSLGO,259,CSLGO259,Lego
CSLGO,260,CSLGO260,Lego
CSLGO,261,CSLGO261,Lego
CSLGO,262,CSLGO262,Lego
CSLGO,263,CSLGO263,Lego
CSLGO,264,CSLGO264,Lego
CSLGO,265,CSLGO265,Lego
CSLGO,266,CSLGO266,Lego
CSLGO,267,CSLGO267,Lego
CSLGO,268,CSLGO268,Lego
CSLGO,269,CSLGO269,Lego
CSLGO,270,CSLGO270,Lego
CSLGO,271,CSLGO271,Lego
CSLGO,272,CSLGO272,Lego
CSLGO,273,CSLGO273,Lego
CSLGO,274,CSLGO274,Lego
CSLGO,275,CSLGO275,Lego
CSLGO,276,CSLGO276,Lego
CSLGO,277,CSLGO277,Lego
CSLGO,278,CSLGO278,Lego
CSLGO,279,CSLGO279,Lego
CSLGO,280,CSLGO280,Lego
CSLGO,281,CSLGO281,Lego
CSLGO,282,CSLGO282,Lego
CSLGO,283,CSLGO283,Lego
CSLGO,284,CSLGO284,Lego
CSLGO,285,CSLGO285,Lego
CSLGO,286,CSLGO286,Lego
CSLGO,287,CSLGO287,Lego
CSLGO,288,CSLGO288,Lego
CSLGO,289,CSLGO289,Lego
CSLGO,290,CSLGO290,Lego
CSLGO,291,CSLGO291,Lego
CSLGO,292,CSLGO292,Lego
CSLGO,293,CSLGO293,Lego
CSLGO,294,CSLGO294,Lego
CSLGO,295,CSLGO295,Lego
CSLGO,296,CSLGO296,Lego
CSLGO,297,CSLGO297,Lego
CSLGO,298,CSLGO298,Lego
CSLGO,299,CSLGO299,Lego
CSLGO,300,CSLGO300,Lego
CSLGO,301,CSLGO301,Lego
CSLGO,302,CSLGO302,Lego
CSLGO,303,CSLGO303,Lego
CSLGO,304,CSLGO304,Lego
CSLGO,305,CSLGO305,Lego
CSLGO,306,CSLGO306,Lego
CSLGO,307,CSLGO307,Lego
CSLGO,308,CSLGO308,Lego
CSLGO,309,CSLGO309,Lego
CSLGO,310,CSLGO310,Lego
CSLGO,311,CSLGO311,Lego
CSLGO,312,CSLGO312,Lego
CSLGO,313,CSLGO313,Lego
CSLGO,314,CSLGO314,Lego
CSLGO,315,CSLGO315,Lego
CSLGO,316,CSLGO316,Lego
CSLGO,317,CSLGO317,Lego
CSLGO,318,CSLGO318,Lego
CSLGO,319,CSLGO319,Lego
CSLGO,320,CSLGO320,Lego
CSLGO,321,CSLGO321,Lego
CSLGO,322,CSLGO322,Lego
CSLGO,323,CSLGO323,Lego
CSLGO,324,CSLGO324,Lego
CSLGO,325,CSLGO325,Lego
CSLGO,326,CSLGO326,Lego
CSLGO,327,CSLGO327,Lego
CSLGO,328,CSLGO328,Lego
CSLGO,329,CSLGO329,Lego
CSLGO,330,CSLGO330,Lego
CSLGO,331,CSLGO331,Lego
CSLGO,332,CSLGO332,Lego
CSLGO,333,CSLGO333,Lego
CSLGO,334,CSLGO334,Lego
CSLGO,335,CSLGO335,Lego
CSLGO,336,CSLGO336,Lego
CSLGO,337,CSLGO337,Lego
CSLGO,338,CSLGO338,Lego
CSLGO,339,CSLGO339,Lego
CSLGO,340,CSLGO340,Lego
CSLGO,341,CSLGO341,Lego
CSLGO,342,CSLGO342,Lego
CSLGO,343,CSLGO343,Lego
CSLGO,344,CSLGO344,Lego
CSLGO,345,CSLGO345,Lego
CSLGO,346,CSLGO346,Lego
CSLGO,347,CSLGO347,Lego
CSLGO,348,CSLGO348,Lego
CSLGO,349,CSLGO349,Lego
CSLGO,350,CSLGO350,Lego
CSLGO,351,CSLGO351,Lego
CSLGO,352,CSLGO352,Lego
CSLGO,353,CSLGO353,Lego
CSLGO,354,CSLGO354,Lego
CSLGO,355,CSLGO355,Lego
CSLGO,356,CSLGO356,Lego
CSLGO,357,CSLGO357,Lego
CSLGO,358,CSLGO358,Lego
CSLGO,359,CSLGO359,Lego
CSLGO,360,CSLGO360,Lego
CSLGO,361,CSLGO361,Lego
CSLGO,362,CSLGO362,Lego
CSLGO,363,CSLGO363,Lego
CSLGO,364,CSLGO364,Lego
CSLGO,365,CSLGO365,Lego
CSLGO,366,CSLGO366,Lego
CSLGO,367,CSLGO367,Lego
CSLGO,368,CSLGO368,Lego
CSLGO,369,CSLGO369,Lego
CSLGO,370,CSLGO370,Lego
CSLGO,371,CSLGO371,Lego
CSLGO,372,CSLGO372,Lego
CSLGO,373,CSLGO373,Lego
CSLGO,374,CSLGO374,Lego
CSLGO,375,CSLGO375,Lego
CSLGO,376,CSLGO376,Lego
CSLGO,377,CSLGO377,Lego
CSLGO,378,CSLGO378,Lego
CSLGO,379,CSLGO379,Lego
CSLGO,380,CSLGO380,Lego
CSLGO,381,CSLGO381,Lego
CSLGO,382,CSLGO382,Lego
CSLGO,383,CSLGO383,Lego
CSLGO,384,CSLGO384,Lego
CSLGO,385,CSLGO385,Lego
CSLGO,386,CSLGO386,Lego
CSLGO,387,CSLGO387,Lego
CSLGO,388,CSLGO388,Lego
CSLGO,389,CSLGO389,Lego
CSLGO,390,CSLGO390,Lego
CSLGO,391,CSLGO391,Lego
CSLGO,392,CSLGO392,Lego
CSLGO,393,CSLGO393,Lego
CSLGO,394,CSLGO394,Lego
CSLGO,395,CSLGO395,Lego
CSLGO,396,CSLGO396,Lego
CSLGO,397,CSLGO397,Lego
CSLGO,398,CSLGO398,Lego
CSLGO,399,CSLGO399,Lego
CSLGO,400,CSLGO400,Lego
CSLGO,401,CSLGO401,Lego
CSLGO,402,CSLGO402,Lego
CSLGO,403,CSLGO403,Lego
CSLGO,404,CSLGO404,Lego
CSLGO,405,CSLGO405,Lego
CSLGO,406,CSLGO406,Lego
CSLGO,407,CSLGO407,Lego
CSLGO,408,CSLGO408,Lego
CSLGO,409,CSLGO409,Lego
CSLGO,410,CSLGO410,Lego
CSLGO,411,CSLGO411,Lego
CSLGO,412,CSLGO412,Lego
CSLGO,413,CSLGO413,Lego
CSLGO,414,CSLGO414,Lego
CSLGO,415,CSLGO415,Lego
CSLGO,416,CSLGO416,Lego
CSLGO,417,CSLGO417,Lego
CSLGO,418,CSLGO418,Lego
CSLGO,419,CSLGO419,Lego
CSLGO,420,CSLGO420,Lego
CSLGO,421,CSLGO421,Lego
CSLGO,422,CSLGO422,Lego
CSLGO,423,CSLGO423,Lego
CSLGO,424,CSLGO424,Lego
CSLGO,425,CSLGO425,Lego
CSLGO,426,CSLGO426,Lego
CSLGO,427,CSLGO427,Lego
CSLGO,428,CSLGO428,Lego
CSLGO,429,CSLGO429,Lego
CSLGO,430,CSLGO430,Lego
CSLGO,431,CSLGO431,Lego
CSLGO,432,CSLGO432,Lego
CSLGO,433,CSLGO433,Lego
CSLGO,434,CSLGO434,Lego
CSLGO,435,CSLGO435,Lego
CSLGO,436,CSLGO436,Lego
CSLGO,437,CSLGO437,Lego
CSLGO,438,CSLGO438,Lego
CSLGO,439,CSLGO439,Lego
CSLGO,440,CSLGO440,Lego
CSLGO,441,CSLGO441,Lego
CSLGO,442,CSLGO442,Lego
CSLGO,443,CSLGO443,Lego
CSLGO,444,CSLGO444,Lego
CSLGO,445,CSLGO445,Lego
CSLGO,446,CSLGO446,Lego
CSLGO,447,CSLGO447,Lego
CSLGO,448,CSLGO448,Lego
CSLGO,449,CSLGO449,Lego
CSLGO,450,CSLGO450,Lego
CSLGO,451,CSLGO451,Lego
CSLGO,452,CSLGO452,Lego
CSLGO,453,CSLGO453,Lego
CSLGO,454,CSLGO454,Lego
CSLGO,455,CSLGO455,Lego
CSLGO,456,CSLGO456,Lego
CSLGO,457,CSLGO457,Lego
CSLGO,458,CSLGO458,Lego
CSLGO,459,CSLGO459,Lego
CSLGO,460,CSLGO460,Lego
CSLGO,461,CSLGO461,Lego
CSLGO,462,CSLGO462,Lego
CSLGO,463,CSLGO463,Lego
CSLGO,464,CSLGO464,Lego
CSLGO,465,CSLGO465,Lego
CSLGO,466,CSLGO466,Lego
CSLGO,467,CSLGO467,Lego
CSLGO,468,CSLGO468,Lego
CSLGO,469,CSLGO469,Lego
CSLGO,470,CSLGO470,Lego
CSLGO,471,CSLGO471,Lego
CSLGO,472,CSLGO472,Lego
CSLGO,473,CSLGO473,Lego
CSLGO,474,CSLGO474,Lego
CSLGO,475,CSLGO475,Lego
CSLGO,476,CSLGO476,Lego
CSLGO,477,CSLGO477,Lego
CSLGO,478,CSLGO478,Lego
CSLGO,479,CSLGO479,Lego
CSLGO,480,CSLGO480,Lego
CSLGO,481,CSLGO481,Lego
CSLGO,482,CSLGO482,Lego
CSLGO,483,CSLGO483,Lego
CSLGO,484,CSLGO484,Lego
CSLGO,485,CSLGO485,Lego
CSLGO,486,CSLGO486,Lego
CSLGO,487,CSLGO487,Lego
CSLGO,488,CSLGO488,Lego
CSLGO,489,CSLGO489,Lego
CSLGO,490,CSLGO490,Lego
CSLGO,491,CSLGO491,Lego
CSLGO,492,CSLGO492,Lego
CSLGO,493,CSLGO493,Lego
CSLGO,494,CSLGO494,Lego
CSLGO,495,CSLGO495,Lego
CSLGO,496,CSLGO496,Lego
CSLGO,497,CSLGO497,Lego
CSLGO,498,CSLGO498,Lego
CSLGO,499,CSLGO499,Lego
CSLGO,500,CSLGO500,Lego
CSLGO,501,CSLGO501,Lego
CSLGO,502,CSLGO502,Lego
CSLGO,503,CSLGO503,Lego
CSLGO,504,CSLGO504,Lego
CSLGO,505,CSLGO505,Lego
CSLGO,506,CSLGO506,Lego
CSLGO,507,CSLGO507,Lego
CSLGO,508,CSLGO508,Lego
CSLGO,509,CSLGO509,Lego
CSLGO,510,CSLGO510,Lego
CSLGO,511,CSLGO511,Lego
CSLGO,512,CSLGO512,Lego
CSLGO,513,CSLGO513,Lego
CSLGO,514,CSLGO514,Lego
CSLGO,515,CSLGO515,Lego
CSLGO,516,CSLGO516,Lego
CSLGO,517,CSLGO517,Lego
CSLGO,518,CSLGO518,Lego
CSLGO,519,CSLGO519,Lego
CSLGO,520,CSLGO520,Lego
CSLGO,521,CSLGO521,Lego
CSLGO,522,CSLGO522,Lego
CSLGO,523,CSLGO523,Lego
CSLGO,524,CSLGO524,Lego
CSLGO,525,CSLGO525,Lego
CSLGO,526,CSLGO526,Lego
CSLGO,527,CSLGO527,Lego
CSLGO,528,CSLGO528,Lego
CSLGO,529,CSLGO529,Lego
CSLGO,530,CSLGO530,Lego
CSLGO,531,CSLGO531,Lego
CSLGO,532,CSLGO532,Lego
CSLGO,533,CSLGO533,Lego
CSLGO,534,CSLGO534,Lego
CSLGO,535,CSLGO535,Lego
CSLGO,536,CSLGO536,Lego
CSLGO,537,CSLGO537,Lego
CSLGO,538,CSLGO538,Lego
CSLGO,539,CSLGO539,Lego
CSLGO,540,CSLGO540,Lego
CSLGO,541,CSLGO541,Lego
CSLGO,542,CSLGO542,Lego
CSLGO,543,CSLGO543,Lego
CSLGO,544,CSLGO544,Lego
CSLGO,545,CSLGO545,Lego
CSLGO,546,CSLGO546,Lego
CSLGO,547,CSLGO547,Lego
CSLGO,548,CSLGO548,Lego
CSLGO,549,CSLGO549,Lego
CSLGO,550,CSLGO550,Lego
CSLGO,551,CSLGO551,Lego
CSLGO,552,CSLGO552,Lego
CSLGO,553,CSLGO553,Lego
CSLGO,554,CSLGO554,Lego
CSLGO,555,CSLGO555,Lego
CSLGO,556,CSLGO556,Lego
CSLGO,557,CSLGO557,Lego
CSLGO,558,CSLGO558,Lego
CSLGO,559,CSLGO559,Lego
CSLGO,560,CSLGO560,Lego
CSLGO,561,CSLGO561,Lego
CSLGO,562,CSLGO562,Lego
CSLGO,563,CSLGO563,Lego
CSLGO,564,CSLGO564,Lego
CSLGO,565,CSLGO565,Lego
CSLGO,566,CSLGO566,Lego
CSLGO,567,CSLGO567,Lego
CSLGO,568,CSLGO568,Lego
CSLGO,569,CSLGO569,Lego
CSLGO,570,CSLGO570,Lego
CSLGO,571,CSLGO571,Lego
CSLGO,572,CSLGO572,Lego
CSLGO,573,CSLGO573,Lego
CSLGO,574,CSLGO574,Lego
CSLGO,575,CSLGO575,Lego
CSLGO,576,CSLGO576,Lego
CSLGO,577,CSLGO577,Lego
CSLGO,578,CSLGO578,Lego
CSLGO,579,CSLGO579,Lego
CSLGO,580,CSLGO580,Lego
CSLGO,581,CSLGO581,Lego
CSLGO,582,CSLGO582,Lego
CSLGO,583,CSLGO583,Lego
CSLGO,584,CSLGO584,Lego
CSLGO,585,CSLGO585,Lego
CSLGO,586,CSLGO586,Lego
CSLGO,587,CSLGO587,Lego
CSLGO,588,CSLGO588,Lego
CSLGO,589,CSLGO589,Lego
CSLGO,590,CSLGO590,Lego
CSLGO,591,CSLGO591,Lego
CSLGO,592,CSLGO592,Lego
CSLGO,593,CSLGO593,Lego
CSLGO,594,CSLGO594,Lego
CSLGO,595,CSLGO595,Lego
CSLGO,596,CSLGO596,Lego
CSLGO,597,CSLGO597,Lego
CSLGO,598,CSLGO598,Lego
CSLGO,599,CSLGO599,Lego
CSLGO,600,CSLGO600,Lego
CSLGO,601,CSLGO601,Lego
CSLGO,602,CSLGO602,Lego
CSLGO,603,CSLGO603,Lego
CSLGO,604,CSLGO604,Lego
CSLGO,605,CSLGO605,Lego
CSLGO,606,CSLGO606,Lego
CSLGO,607,CSLGO607,Lego
CSLGO,608,CSLGO608,Lego
CSLGO,609,CSLGO609,Lego
CSLGO,610,CSLGO610,Lego
CSLGO,611,CSLGO611,Lego
CSLGO,612,CSLGO612,Lego
CSLGO,613,CSLGO613,Lego
CSLGO,614,CSLGO614,Lego
CSLGO,615,CSLGO615,Lego
CSLGO,616,CSLGO616,Lego
CSLGO,617,CSLGO617,Lego
CSLGO,618,CSLGO618,Lego
CSLGO,619,CSLGO619,Lego
CSLGO,620,CSLGO620,Lego
CSLGO,621,CSLGO621,Lego
CSLGO,622,CSLGO622,Lego
CSLGO,623,CSLGO623,Lego
CSLGO,624,CSLGO624,Lego
CSLGO,625,CSLGO625,Lego
CSLGO,626,CSLGO626,Lego
CSLGO,627,CSLGO627,Lego
CSLGO,628,CSLGO628,Lego
CSLGO,629,CSLGO629,Lego
CSLGO,630,CSLGO630,Lego
CSLGO,631,CSLGO631,Lego
CSLGO,632,CSLGO632,Lego
CSLGO,633,CSLGO633,Lego
CSLGO,634,CSLGO634,Lego
CSLGO,635,CSLGO635,Lego
CSLGO,636,CSLGO636,Lego
CSLGO,637,CSLGO637,Lego
CSLGO,638,CSLGO638,Lego
CSLGO,639,CSLGO639,Lego
CSLGO,640,CSLGO640,Lego
CSLGO,641,CSLGO641,Lego
CSLGO,642,CSLGO642,Lego
CSLGO,643,CSLGO643,Lego
CSLGO,644,CSLGO644,Lego
CSLGO,645,CSLGO645,Lego
CSLGO,646,CSLGO646,Lego
CSLGO,647,CSLGO647,Lego
CSLGO,648,CSLGO648,Lego
CSLGO,649,CSLGO649,Lego
CSLGO,650,CSLGO650,Lego
CSLGO,651,CSLGO651,Lego
CSLGO,652,CSLGO652,Lego
CSLGO,653,CSLGO653,Lego
CSLGO,654,CSLGO654,Lego
CSLGO,655,CSLGO655,Lego
CSLGO,656,CSLGO656,Lego
CSLGO,657,CSLGO657,Lego
CSLGO,658,CSLGO658,Lego
CSLGO,659,CSLGO659,Lego
CSLGO,660,CSLGO660,Lego
CSLGO,661,CSLGO661,Lego
CSLGO,662,CSLGO662,Lego
CSLGO,663,CSLGO663,Lego
CSLGO,664,CSLGO664,Lego
CSLGO,665,CSLGO665,Lego
CSLGO,666,CSLGO666,Lego
CSLGO,667,CSLGO667,Lego
CSLGO,668,CSLGO668,Lego
CSLGO,669,CSLGO669,Lego
CSLGO,670,CSLGO670,Lego
CSLGO,671,CSLGO671,Lego
CSLGO,672,CSLGO672,Lego
CSLGO,673,CSLGO673,Lego
CSLGO,674,CSLGO674,Lego
CSLGO,675,CSLGO675,Lego
CSLGO,676,CSLGO676,Lego
CSLGO,677,CSLGO677,Lego
CSLGO,678,CSLGO678,Lego
CSLGO,679,CSLGO679,Lego
CSLGO,680,CSLGO680,Lego
CSLGO,681,CSLGO681,Lego
CSLGO,682,CSLGO682,Lego
CSLGO,683,CSLGO683,Lego
CSLGO,684,CSLGO684,Lego
CSLGO,685,CSLGO685,Lego
CSLGO,686,CSLGO686,Lego
CSLGO,687,CSLGO687,Lego
CSLGO,688,CSLGO688,Lego
CSLGO,689,CSLGO689,Lego
CSLGO,690,CSLGO690,Lego
CSLGO,691,CSLGO691,Lego
CSLGO,692,CSLGO692,Lego
CSLGO,693,CSLGO693,Lego
CSLGO,694,CSLGO694,Lego
CSLGO,695,CSLGO695,Lego
CSLGO,696,CSLGO696,Lego
CSLGO,697,CSLGO697,Lego
CSLGO,698,CSLGO698,Lego
CSLGO,699,CSLGO699,Lego
CSLGO,700,CSLGO700,Lego
CSLGO,701,CSLGO701,Lego
CSLGO,702,CSLGO702,Lego
CSLGO,703,CSLGO703,Lego
CSLGO,704,CSLGO704,Lego
CSLGO,705,CSLGO705,Lego
CSLGO,706,CSLGO706,Lego
CSLGO,707,CSLGO707,Lego
CSLGO,708,CSLGO708,Lego
CSLGO,709,CSLGO709,Lego
CSLGO,710,CSLGO710,Lego
CSLGO,711,CSLGO711,Lego
CSLGO,712,CSLGO712,Lego
CSLGO,713,CSLGO713,Lego
CSLGO,714,CSLGO714,Lego
CSLGO,715,CSLGO715,Lego
CSLGO,716,CSLGO716,Lego
CSLGO,717,CSLGO717,Lego
CSLGO,718,CSLGO718,Lego
CSLGO,719,CSLGO719,Lego
CSLGO,720,CSLGO720,Lego
CSLGO,721,CSLGO721,Lego
CSLGO,722,CSLGO722,Lego
CSLGO,723,CSLGO723,Lego
CSLGO,724,CSLGO724,Lego
CSLGO,725,CSLGO725,Lego
CSLGO,726,CSLGO726,Lego
CSLGO,727,CSLGO727,Lego
CSLGO,728,CSLGO728,Lego
CSLGO,729,CSLGO729,Lego
CSLGO,730,CSLGO730,Lego
CSLGO,731,CSLGO731,Lego
CSLGO,732,CSLGO732,Lego
CSLGO,733,CSLGO733,Lego
CSLGO,734,CSLGO734,Lego
CSLGO,735,CSLGO735,Lego
CSLGO,736,CSLGO736,Lego
CSLGO,737,CSLGO737,Lego
CSLGO,738,CSLGO738,Lego
CSLGO,739,CSLGO739,Lego
CSLGO,740,CSLGO740,Lego
CSLGO,741,CSLGO741,Lego
CSLGO,742,CSLGO742,Lego
CSLGO,743,CSLGO743,Lego
CSLGO,744,CSLGO744,Lego
CSLGO,745,CSLGO745,Lego
CSLGO,746,CSLGO746,Lego
CSLGO,747,CSLGO747,Lego
CSLGO,748,CSLGO748,Lego
CSLGO,749,CSLGO749,Lego
CSLGO,750,CSLGO750,Lego
CSLGO,751,CSLGO751,Lego
CSLGO,752,CSLGO752,Lego
CSLGO,753,CSLGO753,Lego
CSLGO,754,CSLGO754,Lego
CSLGO,755,CSLGO755,Lego
CSLGO,756,CSLGO756,Lego
CSLGO,757,CSLGO757,Lego
CSLGO,758,CSLGO758,Lego
CSLGO,759,CSLGO759,Lego
CSLGO,760,CSLGO760,Lego
CSLGO,761,CSLGO761,Lego
CSLGO,762,CSLGO762,Lego
CSLGO,763,CSLGO763,Lego
CSLGO,764,CSLGO764,Lego
CSLGO,765,CSLGO765,Lego
CSLGO,766,CSLGO766,Lego
CSLGO,767,CSLGO767,Lego
CSLGO,768,CSLGO768,Lego
CSLGO,769,CSLGO769,Lego
CSLGO,770,CSLGO770,Lego
CSLGO,771,CSLGO771,Lego
CSLGO,772,CSLGO772,Lego
CSLGO,773,CSLGO773,Lego
CSLGO,774,CSLGO774,Lego
CSLGO,775,CSLGO775,Lego
CSLGO,776,CSLGO776,Lego
CSLGO,777,CSLGO777,Lego
CSLGO,778,CSLGO778,Lego
CSLGO,779,CSLGO779,Lego
CSLGO,780,CSLGO780,Lego
CSLGO,781,CSLGO781,Lego
CSLGO,782,CSLGO782,Lego
CSLGO,783,CSLGO783,Lego
CSLGO,784,CSLGO784,Lego
CSLGO,785,CSLGO785,Lego
CSLGO,786,CSLGO786,Lego
CSLGO,787,CSLGO787,Lego
CSLGO,788,CSLGO788,Lego
CSLGO,789,CSLGO789,Lego
CSLGO,790,CSLGO790,Lego
CSLGO,791,CSLGO791,Lego
CSLGO,792,CSLGO792,Lego
CSLGO,793,CSLGO793,Lego
CSLGO,794,CSLGO794,Lego
CSLGO,795,CSLGO795,Lego
CSLGO,796,CSLGO796,Lego
CSLGO,797,CSLGO797,Lego
CSLGO,798,CSLGO798,Lego
CSLGO,799,CSLGO799,Lego
CSLGO,800,CSLGO800,Lego
CSLGO,801,CSLGO801,Lego
CSLGO,802,CSLGO802,Lego
CSLGO,803,CSLGO803,Lego
CSLGO,804,CSLGO804,Lego
CSLGO,805,CSLGO805,Lego
CSLGO,806,CSLGO806,Lego
CSLGO,807,CSLGO807,Lego
CSLGO,808,CSLGO808,Lego
CSLGO,809,CSLGO809,Lego
CSLGO,810,CSLGO810,Lego
CSLGO,811,CSLGO811,Lego
CSLGO,812,CSLGO812,Lego
CSLGO,813,CSLGO813,Lego
CSLGO,814,CSLGO814,Lego
CSLGO,815,CSLGO815,Lego
CSLGO,816,CSLGO816,Lego
CSLGO,817,CSLGO817,Lego
CSLGO,818,CSLGO818,Lego
CSLGO,819,CSLGO819,Lego
CSLGO,820,CSLGO820,Lego
CSLGO,821,CSLGO821,Lego
CSLGO,822,CSLGO822,Lego
CSLGO,823,CSLGO823,Lego
CSLGO,824,CSLGO824,Lego
CSLGO,825,CSLGO825,Lego
CSLGO,826,CSLGO826,Lego
CSLGO,827,CSLGO827,Lego
CSLGO,828,CSLGO828,Lego
CSLGO,829,CSLGO829,Lego
CSLGO,830,CSLGO830,Lego
CSLGO,831,CSLGO831,Lego
CSLGO,832,CSLGO832,Lego
CSLGO,833,CSLGO833,Lego
CSLGO,834,CSLGO834,Lego
CSLGO,835,CSLGO835,Lego
CSLGO,836,CSLGO836,Lego
CSLGO,837,CSLGO837,Lego
CSLGO,838,CSLGO838,Lego
CSLGO,839,CSLGO839,Lego
CSLGO,840,CSLGO840,Lego
CSLGO,841,CSLGO841,Lego
CSLGO,842,CSLGO842,Lego
CSLGO,843,CSLGO843,Lego
CSLGO,844,CSLGO844,Lego
CSLGO,845,CSLGO845,Lego
CSLGO,846,CSLGO846,Lego
CSLGO,847,CSLGO847,Lego
CSLGO,848,CSLGO848,Lego
CSLGO,849,CSLGO849,Lego
CSLGO,850,CSLGO850,Lego
CSLGO,851,CSLGO851,Lego
CSLGO,852,CSLGO852,Lego
CSLGO,853,CSLGO853,Lego
CSLGO,854,CSLGO854,Lego
CSLGO,855,CSLGO855,Lego
CSLGO,856,CSLGO856,Lego
CSLGO,857,CSLGO857,Lego
CSLGO,858,CSLGO858,Lego
CSLGO,859,CSLGO859,Lego
CSLGO,860,CSLGO860,Lego
CSLGO,861,CSLGO861,Lego
CSLGO,862,CSLGO862,Lego
CSLGO,863,CSLGO863,Lego
CSLGO,864,CSLGO864,Lego
CSLGO,865,CSLGO865,Lego
CSLGO,866,CSLGO866,Lego
CSLGO,867,CSLGO867,Lego
CSLGO,868,CSLGO868,Lego
CSLGO,869,CSLGO869,Lego
CSLGO,870,CSLGO870,Lego
CSLGO,871,CSLGO871,Lego
CSLGO,872,CSLGO872,Lego
CSLGO,873,CSLGO873,Lego
CSLGO,874,CSLGO874,Lego
CSLGO,875,CSLGO875,Lego
CSLGO,876,CSLGO876,Lego
CSLGO,877,CSLGO877,Lego
CSLGO,878,CSLGO878,Lego
CSLGO,879,CSLGO879,Lego
CSLGO,880,CSLGO880,Lego
CSLGO,881,CSLGO881,Lego
CSLGO,882,CSLGO882,Lego
CSLGO,883,CSLGO883,Lego
CSLGO,884,CSLGO884,Lego
CSLGO,885,CSLGO885,Lego
CSLGO,886,CSLGO886,Lego
CSLGO,887,CSLGO887,Lego
CSLGO,888,CSLGO888,Lego
CSLGO,889,CSLGO889,Lego
CSLGO,890,CSLGO890,Lego
CSLGO,891,CSLGO891,Lego
CSLGO,892,CSLGO892,Lego
CSLGO,893,CSLGO893,Lego
CSLGO,894,CSLGO894,Lego
CSLGO,895,CSLGO895,Lego
CSLGO,896,CSLGO896,Lego
CSLGO,897,CSLGO897,Lego
CSLGO,898,CSLGO898,Lego
CSLGO,899,CSLGO899,Lego
CSLGO,900,CSLGO900,Lego
CSLGO,901,CSLGO901,Lego
CSLGO,902,CSLGO902,Lego
CSLGO,903,CSLGO903,Lego
CSLGO,904,CSLGO904,Lego
CSLGO,905,CSLGO905,Lego
CSLGO,906,CSLGO906,Lego
CSLGO,907,CSLGO907,Lego
CSLGO,908,CSLGO908,Lego
CSLGO,909,CSLGO909,Lego
CSLGO,910,CSLGO910,Lego
CSLGO,911,CSLGO911,Lego
CSLGO,912,CSLGO912,Lego
CSLGO,913,CSLGO913,Lego
CSLGO,914,CSLGO914,Lego
CSLGO,915,CSLGO915,Lego
CSLGO,916,CSLGO916,Lego
CSLGO,917,CSLGO917,Lego
CSLGO,918,CSLGO918,Lego
CSLGO,919,CSLGO919,Lego
CSLGO,920,CSLGO920,Lego
CSLGO,921,CSLGO921,Lego
CSLGO,922,CSLGO922,Lego
CSLGO,923,CSLGO923,Lego
CSLGO,924,CSLGO924,Lego
CSLGO,925,CSLGO925,Lego
CSLGO,926,CSLGO926,Lego
CSLGO,927,CSLGO927,Lego
CSLGO,928,CSLGO928,Lego
CSLGO,929,CSLGO929,Lego
CSLGO,930,CSLGO930,Lego
CSLGO,931,CSLGO931,Lego
CSLGO,932,CSLGO932,Lego
CSLGO,933,CSLGO933,Lego
CSLGO,934,CSLGO934,Lego
CSLGO,935,CSLGO935,Lego
CSLGO,936,CSLGO936,Lego
CSLGO,937,CSLGO937,Lego
CSLGO,938,CSLGO938,Lego
CSLGO,939,CSLGO939,Lego
CSLGO,940,CSLGO940,Lego
CSLGO,941,CSLGO941,Lego
CSLGO,942,CSLGO942,Lego
CSLGO,943,CSLGO943,Lego
CSLGO,944,CSLGO944,Lego
CSLGO,945,CSLGO945,Lego
CSLGO,946,CSLGO946,Lego
CSLGO,947,CSLGO947,Lego
CSLGO,948,CSLGO948,Lego
CSLGO,949,CSLGO949,Lego
CSLGO,950,CSLGO950,Lego
CSLGO,951,CSLGO951,Lego
CSLGO,952,CSLGO952,Lego
CSLGO,953,CSLGO953,Lego
CSLGO,954,CSLGO954,Lego
CSLGO,955,CSLGO955,Lego
CSLGO,956,CSLGO956,Lego
CSLGO,957,CSLGO957,Lego
CSLGO,958,CSLGO958,Lego
CSLGO,959,CSLGO959,Lego
CSLGO,960,CSLGO960,Lego
CSLGO,961,CSLGO961,Lego
CSLGO,962,CSLGO962,Lego
CSLGO,963,CSLGO963,Lego
CSLGO,964,CSLGO964,Lego
CSLGO,965,CSLGO965,Lego
CSLGO,966,CSLGO966,Lego
CSLGO,967,CSLGO967,Lego
CSLGO,968,CSLGO968,Lego
CSLGO,969,CSLGO969,Lego
CSLGO,970,CSLGO970,Lego
CSLGO,971,CSLGO971,Lego
CSLGO,972,CSLGO972,Lego
CSLGO,973,CSLGO973,Lego
CSLGO,974,CSLGO974,Lego
CSLGO,975,CSLGO975,Lego
CSLGO,976,CSLGO976,Lego
CSLGO,977,CSLGO977,Lego
CSLGO,978,CSLGO978,Lego
CSLGO,979,CSLGO979,Lego
CSLGO,980,CSLGO980,Lego
CSLGO,981,CSLGO981,Lego
CSLGO,982,CSLGO982,Lego
CSLGO,983,CSLGO983,Lego
CSLGO,984,CSLGO984,Lego
CSLGO,985,CSLGO985,Lego
CSLGO,986,CSLGO986,Lego
CSLGO,987,CSLGO987,Lego
CSLGO,988,CSLGO988,Lego
CSLGO,989,CSLGO989,Lego
CSLGO,990,CSLGO990,Lego
CSLGO,991,CSLGO991,Lego
CSLGO,992,CSLGO992,Lego
CSLGO,993,CSLGO993,Lego
CSLGO,994,CSLGO994,Lego
CSLGO,995,CSLGO995,Lego
CSLGO,996,CSLGO996,Lego
CSLGO,997,CSLGO997,Lego
CSLGO,998,CSLGO998,Lego
CSLGO,999,CSLGO999,Lego
CSLGO,1000,CSLGO1000,Lego
CSLGO,1001,CSLGO1001,Lego
CSLGO,1002,CSLGO1002,Lego
CSLGO,1003,CSLGO1003,Lego
CSLGO,1004,CSLGO1004,Lego
CSLGO,1005,CSLGO1005,Lego
CSLGO,1006,CSLGO1006,Lego
CSLGO,1007,CSLGO1007,Lego
CSLGO,1008,CSLGO1008,Lego
CSLGO,1009,CSLGO1009,Lego
CSLGO,1010,CSLGO1010,Lego
CSLGO,1011,CSLGO1011,Lego
CSLGO,1012,CSLGO1012,Lego
CSLGO,1013,CSLGO1013,Lego
CSLGO,1014,CSLGO1014,Lego
CSLGO,1015,CSLGO1015,Lego
CSLGO,1016,CSLGO1016,Lego
CSLGO,1017,CSLGO1017,Lego
CSLGO,1018,CSLGO1018,Lego
CSLGO,1019,CSLGO1019,Lego
CSLGO,1020,CSLGO1020,Lego
CSLGO,1021,CSLGO1021,Lego
CSLGO,1022,CSLGO1022,Lego
CSLGO,1023,CSLGO1023,Lego
CSLGO,1024,CSLGO1024,Lego
CSLGO,1025,CSLGO1025,Lego
CSLGO,1026,CSLGO1026,Lego
CSLGO,1027,CSLGO1027,Lego
CSLGO,1028,CSLGO1028,Lego
CSLGO,1029,CSLGO1029,Lego
CSLGO,1030,CSLGO1030,Lego
CSLGO,1031,CSLGO1031,Lego
CSLGO,1032,CSLGO1032,Lego
CSLGO,1033,CSLGO1033,Lego
CSLGO,1034,CSLGO1034,Lego
CSLGO,1035,CSLGO1035,Lego
CSLGO,1036,CSLGO1036,Lego
CSLGO,1037,CSLGO1037,Lego
CSLGO,1038,CSLGO1038,Lego
CSLGO,1039,CSLGO1039,Lego
CSLGO,1040,CSLGO1040,Lego
CSLGO,1041,CSLGO1041,Lego
CSLGO,1042,CSLGO1042,Lego
CSLGO,1043,CSLGO1043,Lego
CSLGO,1044,CSLGO1044,Lego
CSLGO,1045,CSLGO1045,Lego
CSLGO,1046,CSLGO1046,Lego
CSLGO,1047,CSLGO1047,Lego
CSLGO,1048,CSLGO1048,Lego
CSLGO,1049,CSLGO1049,Lego
CSLGO,1050,CSLGO1050,Lego
CSLGO,1051,CSLGO1051,Lego
CSLGO,1052,CSLGO1052,Lego
CSLGO,1053,CSLGO1053,Lego
CSLGO,1054,CSLGO1054,Lego
CSLGO,1055,CSLGO1055,Lego
CSLGO,1056,CSLGO1056,Lego
CSLGO,1057,CSLGO1057,Lego
CSLGO,1058,CSLGO1058,Lego
CSLGO,1059,CSLGO1059,Lego
CSLGO,1060,CSLGO1060,Lego
CSLGO,1061,CSLGO1061,Lego
CSLGO,1062,CSLGO1062,Lego
CSLGO,1063,CSLGO1063,Lego
CSLGO,1064,CSLGO1064,Lego
CSLGO,1065,CSLGO1065,Lego
CSLGO,1066,CSLGO1066,Lego
CSLGO,1067,CSLGO1067,Lego
CSLGO,1068,CSLGO1068,Lego
CSLGO,1069,CSLGO1069,Lego
CSLGO,1070,CSLGO1070,Lego
CSLGO,1071,CSLGO1071,Lego
CSLGO,1072,CSLGO1072,Lego
CSLGO,1073,CSLGO1073,Lego
CSLGO,1074,CSLGO1074,Lego
CSLGO,1075,CSLGO1075,Lego
CSLGO,1076,CSLGO1076,Lego
CSLGO,1077,CSLGO1077,Lego
CSLGO,1078,CSLGO1078,Lego
CSLGO,1079,CSLGO1079,Lego
CSLGO,1080,CSLGO1080,Lego
CSLGO,1081,CSLGO1081,Lego
CSLGO,1082,CSLGO1082,Lego
CSLGO,1083,CSLGO1083,Lego
CSLGO,1084,CSLGO1084,Lego
CSLGO,1085,CSLGO1085,Lego
CSLGO,1086,CSLGO1086,Lego
CSLGO,1087,CSLGO1087,Lego
CSLGO,1088,CSLGO1088,Lego
CSLGO,1089,CSLGO1089,Lego
CSLGO,1090,CSLGO1090,Lego
CSLGO,1091,CSLGO1091,Lego
CSLGO,1092,CSLGO1092,Lego
CSLGO,1093,CSLGO1093,Lego
CSLGO,1094,CSLGO1094,Lego
CSLGO,1095,CSLGO1095,Lego
CSLGO,1096,CSLGO1096,Lego
CSLGO,1097,CSLGO1097,Lego
CSLGO,1098,CSLGO1098,Lego
CSLGO,1099,CSLGO1099,Lego
CSLGO,1100,CSLGO1100,Lego
CSLGO,1101,CSLGO1101,Lego
CSLGO,1102,CSLGO1102,Lego
CSLGO,1103,CSLGO1103,Lego
CSLGO,1104,CSLGO1104,Lego
CSLGO,1105,CSLGO1105,Lego
CSLGO,1106,CSLGO1106,Lego
CSLGO,1107,CSLGO1107,Lego
CSLGO,1108,CSLGO1108,Lego
CSLGO,1109,CSLGO1109,Lego
CSLGO,1110,CSLGO1110,Lego
CSLGO,1111,CSLGO1111,Lego
CSLGO,1112,CSLGO1112,Lego
CSLGO,1113,CSLGO1113,Lego
CSLGO,1114,CSLGO1114,Lego
CSLGO,1115,CSLGO1115,Lego
CSLGO,1116,CSLGO1116,Lego
CSLGO,1117,CSLGO1117,Lego
CSLGO,1118,CSLGO1118,Lego
CSLGO,1119,CSLGO1119,Lego
CSLGO,1120,CSLGO1120,Lego
CSLGO,1121,CSLGO1121,Lego
CSLGO,1122,CSLGO1122,Lego
CSLGO,1123,CSLGO1123,Lego
CSLGO,1124,CSLGO1124,Lego
CSLGO,1125,CSLGO1125,Lego
CSLGO,1126,CSLGO1126,Lego
CSLGO,1127,CSLGO1127,Lego
CSLGO,1128,CSLGO1128,Lego
CSLGO,1129,CSLGO1129,Lego
CSLGO,1130,CSLGO1130,Lego
CSLGO,1131,CSLGO1131,Lego
CSLGO,1132,CSLGO1132,Lego
CSLGO,1133,CSLGO1133,Lego
CSLGO,1134,CSLGO1134,Lego
CSLGO,1135,CSLGO1135,Lego
CSLGO,1136,CSLGO1136,Lego
CSLGO,1137,CSLGO1137,Lego
CSLGO,1138,CSLGO1138,Lego
CSLGO,1139,CSLGO1139,Lego
CSLGO,1140,CSLGO1140,Lego
CSLGO,1141,CSLGO1141,Lego
CSLGO,1142,CSLGO1142,Lego
CSLGO,1143,CSLGO1143,Lego
CSLGO,1144,CSLGO1144,Lego
CSLGO,1145,CSLGO1145,Lego
CSLGO,1146,CSLGO1146,Lego
CSLGO,1147,CSLGO1147,Lego
CSLGO,1148,CSLGO1148,Lego
CSLGO,1149,CSLGO1149,Lego
CSLGO,1150,CSLGO1150,Lego
CSLGO,1151,CSLGO1151,Lego
CSLGO,1152,CSLGO1152,Lego
CSLGO,1153,CSLGO1153,Lego
CSLGO,1154,CSLGO1154,Lego
CSLGO,1155,CSLGO1155,Lego
CSLGO,1156,CSLGO1156,Lego
CSLGO,1157,CSLGO1157,Lego
CSLGO,1158,CSLGO1158,Lego
CSLGO,1159,CSLGO1159,Lego
CSLGO,1160,CSLGO1160,Lego
CSLGO,1161,CSLGO1161,Lego
CSLGO,1162,CSLGO1162,Lego
CSLGO,1163,CSLGO1163,Lego
CSLGO,1164,CSLGO1164,Lego
CSLGO,1165,CSLGO1165,Lego
CSLGO,1166,CSLGO1166,Lego
CSLGO,1167,CSLGO1167,Lego
CSLGO,1168,CSLGO1168,Lego
CSLGO,1169,CSLGO1169,Lego
CSLGO,1170,CSLGO1170,Lego
CSLGO,1171,CSLGO1171,Lego
CSLGO,1172,CSLGO1172,Lego
CSLGO,1173,CSLGO1173,Lego
CSLGO,1174,CSLGO1174,Lego
CSLGO,1175,CSLGO1175,Lego
CSLGO,1176,CSLGO1176,Lego
CSLGO,1177,CSLGO1177,Lego
CSLGO,1178,CSLGO1178,Lego
CSLGO,1179,CSLGO1179,Lego
CSLGO,1180,CSLGO1180,Lego
CSLGO,1181,CSLGO1181,Lego
CSLGO,1182,CSLGO1182,Lego
CSLGO,1183,CSLGO1183,Lego
CSLGO,1184,CSLGO1184,Lego
CSLGO,1185,CSLGO1185,Lego
CSLGO,1186,CSLGO1186,Lego
CSLGO,1187,CSLGO1187,Lego
CSLGO,1188,CSLGO1188,Lego
CSLGO,1189,CSLGO1189,Lego
CSLGO,1190,CSLGO1190,Lego
CSLGO,1191,CSLGO1191,Lego
CSLGO,1192,CSLGO1192,Lego
CSLGO,1193,CSLGO1193,Lego
CSLGO,1194,CSLGO1194,Lego
CSLGO,1195,CSLGO1195,Lego
CSLGO,1196,CSLGO1196,Lego
CSLGO,1197,CSLGO1197,Lego
CSLGO,1198,CSLGO1198,Lego
CSLGO,1199,CSLGO1199,Lego
CSLGO,1200,CSLGO1200,Lego
CSLGO,1201,CSLGO1201,Lego
CSLGO,1202,CSLGO1202,Lego
CSLGO,1203,CSLGO1203,Lego
CSLGO,1204,CSLGO1204,Lego
CSLGO,1205,CSLGO1205,Lego
CSLGO,1206,CSLGO1206,Lego
CSLGO,1207,CSLGO1207,Lego
CSLGO,1208,CSLGO1208,Lego
CSLGO,1209,CSLGO1209,Lego
CSLGO,1210,CSLGO1210,Lego
CSLGO,1211,CSLGO1211,Lego
CSLGO,1212,CSLGO1212,Lego
CSLGO,1213,CSLGO1213,Lego
CSLGO,1214,CSLGO1214,Lego
CSLGO,1215,CSLGO1215,Lego
CSLGO,1216,CSLGO1216,Lego
CSLGO,1217,CSLGO1217,Lego
CSLGO,1218,CSLGO1218,Lego
CSLGO,1219,CSLGO1219,Lego
CSLGO,1220,CSLGO1220,Lego
CSLGO,1221,CSLGO1221,Lego
CSLGO,1222,CSLGO1222,Lego
CSLGO,1223,CSLGO1223,Lego
CSLGO,1224,CSLGO1224,Lego
CSLGO,1225,CSLGO1225,Lego
CSLGO,1226,CSLGO1226,Lego
CSLGO,1227,CSLGO1227,Lego
CSLGO,1228,CSLGO1228,Lego
CSLGO,1229,CSLGO1229,Lego
CSLGO,1230,CSLGO1230,Lego
CSLGO,1231,CSLGO1231,Lego
CSLGO,1232,CSLGO1232,Lego
CSLGO,1233,CSLGO1233,Lego
CSLGO,1234,CSLGO1234,Lego
CSLGO,1235,CSLGO1235,Lego
CSLGO,1236,CSLGO1236,Lego
CSLGO,1237,CSLGO1237,Lego
CSLGO,1238,CSLGO1238,Lego
CSLGO,1239,CSLGO1239,Lego
CSLGO,1240,CSLGO1240,Lego
CSLGO,1241,CSLGO1241,Lego
CSLGO,1242,CSLGO1242,Lego
CSLGO,1243,CSLGO1243,Lego
CSLGO,1244,CSLGO1244,Lego
CSLGO,1245,CSLGO1245,Lego
CSLGO,1246,CSLGO1246,Lego
CSLGO,1247,CSLGO1247,Lego
CSLGO,1248,CSLGO1248,Lego
CSLGO,1249,CSLGO1249,Lego
CSLGO,1250,CSLGO1250,Lego
CSLGO,1251,CSLGO1251,Lego
CSLGO,1252,CSLGO1252,Lego
CSLGO,1253,CSLGO1253,Lego
CSLGO,1254,CSLGO1254,Lego
CSLGO,1255,CSLGO1255,Lego
CSLGO,1256,CSLGO1256,Lego
CSLGO,1257,CSLGO1257,Lego
CSLGO,1258,CSLGO1258,Lego
CSLGO,1259,CSLGO1259,Lego
CSLGO,1260,CSLGO1260,Lego
CSLGO,1261,CSLGO1261,Lego
CSLGO,1262,CSLGO1262,Lego
CSLGO,1263,CSLGO1263,Lego
CSLGO,1264,CSLGO1264,Lego
CSLGO,1265,CSLGO1265,Lego
CSLGO,1266,CSLGO1266,Lego
CSLGO,1267,CSLGO1267,Lego
CSLGO,1268,CSLGO1268,Lego
CSLGO,1269,CSLGO1269,Lego
CSLGO,1270,CSLGO1270,Lego
CSLGO,1271,CSLGO1271,Lego
CSLGO,1272,CSLGO1272,Lego
CSLGO,1273,CSLGO1273,Lego
CSLGO,1274,CSLGO1274,Lego
CSLGO,1275,CSLGO1275,Lego
CSLGO,1276,CSLGO1276,Lego
CSLGO,1277,CSLGO1277,Lego
CSLGO,1278,CSLGO1278,Lego
CSLGO,1279,CSLGO1279,Lego
CSLGO,1280,CSLGO1280,Lego
CSLGO,1281,CSLGO1281,Lego
CSLGO,1282,CSLGO1282,Lego
CSLGO,1283,CSLGO1283,Lego
CSLGO,1284,CSLGO1284,Lego
CSLGO,1285,CSLGO1285,Lego
CSLGO,1286,CSLGO1286,Lego
CSLGO,1287,CSLGO1287,Lego
CSLGO,1288,CSLGO1288,Lego
CSLGO,1289,CSLGO1289,Lego
CSLGO,1290,CSLGO1290,Lego
CSLGO,1291,CSLGO1291,Lego
CSLGO,1292,CSLGO1292,Lego
CSLGO,1293,CSLGO1293,Lego
CSLGO,1294,CSLGO1294,Lego
CSLGO,1295,CSLGO1295,Lego
CSLGO,1296,CSLGO1296,Lego
CSLGO,1297,CSLGO1297,Lego
CSLGO,1298,CSLGO1298,Lego
CSLGO,1299,CSLGO1299,Lego
CSLGO,1300,CSLGO1300,Lego
CSLGO,1301,CSLGO1301,Lego
CSLGO,1302,CSLGO1302,Lego
CSLGO,1303,CSLGO1303,Lego
CSLGO,1304,CSLGO1304,Lego
CSLGO,1305,CSLGO1305,Lego
CSLGO,1306,CSLGO1306,Lego
CSLGO,1307,CSLGO1307,Lego
CSLGO,1308,CSLGO1308,Lego
CSLGO,1309,CSLGO1309,Lego
CSLGO,1310,CSLGO1310,Lego
CSLGO,1311,CSLGO1311,Lego
CSLGO,1312,CSLGO1312,Lego
CSLGO,1313,CSLGO1313,Lego
CSLGO,1314,CSLGO1314,Lego
CSLGO,1315,CSLGO1315,Lego
CSLGO,1316,CSLGO1316,Lego
CSLGO,1317,CSLGO1317,Lego
CSLGO,1318,CSLGO1318,Lego
CSLGO,1319,CSLGO1319,Lego
CSLGO,1320,CSLGO1320,Lego
CSLGO,1321,CSLGO1321,Lego
CSLGO,1322,CSLGO1322,Lego
CSLGO,1323,CSLGO1323,Lego
CSLGO,1324,CSLGO1324,Lego
CSLGO,1325,CSLGO1325,Lego
CSLGO,1326,CSLGO1326,Lego
CSLGO,1327,CSLGO1327,Lego
CSLGO,1328,CSLGO1328,Lego
CSLGO,1329,CSLGO1329,Lego
CSLGO,1330,CSLGO1330,Lego
CSLGO,1331,CSLGO1331,Lego
CSLGO,1332,CSLGO1332,Lego
CSLGO,1333,CSLGO1333,Lego
CSLGO,1334,CSLGO1334,Lego
CSLGO,1335,CSLGO1335,Lego
CSLGO,1336,CSLGO1336,Lego
CSLGO,1337,CSLGO1337,Lego
CSLGO,1338,CSLGO1338,Lego
CSLGO,1339,CSLGO1339,Lego
CSLGO,1340,CSLGO1340,Lego
CSLGO,1341,CSLGO1341,Lego
CSLGO,1342,CSLGO1342,Lego
CSLGO,1343,CSLGO1343,Lego
CSLGO,1344,CSLGO1344,Lego
CSLGO,1345,CSLGO1345,Lego
CSLGO,1346,CSLGO1346,Lego
CSLGO,1347,CSLGO1347,Lego
CSLGO,1348,CSLGO1348,Lego
CSLGO,1349,CSLGO1349,Lego
CSLGO,1350,CSLGO1350,Lego
CSLGO,1351,CSLGO1351,Lego
CSLGO,1352,CSLGO1352,Lego
CSLGO,1353,CSLGO1353,Lego
CSLGO,1354,CSLGO1354,Lego
CSLGO,1355,CSLGO1355,Lego
CSLGO,1356,CSLGO1356,Lego
CSLGO,1357,CSLGO1357,Lego
CSLGO,1358,CSLGO1358,Lego
CSLGO,1359,CSLGO1359,Lego
CSLGO,1360,CSLGO1360,Lego
CSLGO,1361,CSLGO1361,Lego
CSLGO,1362,CSLGO1362,Lego
CSLGO,1363,CSLGO1363,Lego
CSLGO,1364,CSLGO1364,Lego
CSLGO,1365,CSLGO1365,Lego
CSLGO,1366,CSLGO1366,Lego
CSLGO,1367,CSLGO1367,Lego
CSLGO,1368,CSLGO1368,Lego
CSLGO,1369,CSLGO1369,Lego
CSLGO,1370,CSLGO1370,Lego
CSLGO,1371,CSLGO1371,Lego
CSLGO,1372,CSLGO1372,Lego
CSLGO,1373,CSLGO1373,Lego
CSLGO,1374,CSLGO1374,Lego
CSLGO,1375,CSLGO1375,Lego
CSLGO,1376,CSLGO1376,Lego
CSLGO,1377,CSLGO1377,Lego
CSLGO,1378,CSLGO1378,Lego
CSLGO,1379,CSLGO1379,Lego
CSLGO,1380,CSLGO1380,Lego
CSLGO,1381,CSLGO1381,Lego
CSLGO,1382,CSLGO1382,Lego
CSLGO,1383,CSLGO1383,Lego
CSLGO,1384,CSLGO1384,Lego
CSLGO,1385,CSLGO1385,Lego
CSLGO,1386,CSLGO1386,Lego
CSLGO,1387,CSLGO1387,Lego
CSLGO,1388,CSLGO1388,Lego
CSLGO,1389,CSLGO1389,Lego
CSLGO,1390,CSLGO1390,Lego
CSLGO,1391,CSLGO1391,Lego
CSLGO,1392,CSLGO1392,Lego
CSLGO,1393,CSLGO1393,Lego
CSLGO,1394,CSLGO1394,Lego
CSLGO,1395,CSLGO1395,Lego
CSLGO,1396,CSLGO1396,Lego
CSLGO,1397,CSLGO1397,Lego
CSLGO,1398,CSLGO1398,Lego
CSLGO,1399,CSLGO1399,Lego
CSLGO,1400,CSLGO1400,Lego
CSLGO,1401,CSLGO1401,Lego
CSLGO,1402,CSLGO1402,Lego
CSLGO,1403,CSLGO1403,Lego
CSLGO,1404,CSLGO1404,Lego
CSLGO,1405,CSLGO1405,Lego
CSLGO,1406,CSLGO1406,Lego
CSLGO,1407,CSLGO1407,Lego
CSLGO,1408,CSLGO1408,Lego
CSLGO,1409,CSLGO1409,Lego
CSLGO,1410,CSLGO1410,Lego
CSLGO,1411,CSLGO1411,Lego
CSLGO,1412,CSLGO1412,Lego
CSLGO,1413,CSLGO1413,Lego
CSLGO,1414,CSLGO1414,Lego
CSLGO,1415,CSLGO1415,Lego
CSLGO,1416,CSLGO1416,Lego
CSLGO,1417,CSLGO1417,Lego
CSLGO,1418,CSLGO1418,Lego
CSLGO,1419,CSLGO1419,Lego
CSLGO,1420,CSLGO1420,Lego
CSLGO,1421,CSLGO1421,Lego
CSLGO,1422,CSLGO1422,Lego
CSLGO,1423,CSLGO1423,Lego
CSLGO,1424,CSLGO1424,Lego
CSLGO,1425,CSLGO1425,Lego
CSLGO,1426,CSLGO1426,Lego
CSLGO,1427,CSLGO1427,Lego
CSLGO,1428,CSLGO1428,Lego
CSLGO,1429,CSLGO1429,Lego
CSLGO,1430,CSLGO1430,Lego
CSLGO,1431,CSLGO1431,Lego
CSLGO,1432,CSLGO1432,Lego
CSLGO,1433,CSLGO1433,Lego
CSLGO,1434,CSLGO1434,Lego
CSLGO,1435,CSLGO1435,Lego
CSLGO,1436,CSLGO1436,Lego
CSLGO,1437,CSLGO1437,Lego
CSLGO,1438,CSLGO1438,Lego
CSLGO,1439,CSLGO1439,Lego
CSLGO,1440,CSLGO1440,Lego
CSLGO,1441,CSLGO1441,Lego
CSLGO,1442,CSLGO1442,Lego
CSLGO,1443,CSLGO1443,Lego
CSLGO,1444,CSLGO1444,Lego
CSLGO,1445,CSLGO1445,Lego
CSLGO,1446,CSLGO1446,Lego
CSLGO,1447,CSLGO1447,Lego
CSLGO,1448,CSLGO1448,Lego
CSLGO,1449,CSLGO1449,Lego
CSLGO,1450,CSLGO1450,Lego
CSLGO,1451,CSLGO1451,Lego
CSLGO,1452,CSLGO1452,Lego
CSLGO,1453,CSLGO1453,Lego
CSLGO,1454,CSLGO1454,Lego
CSLGO,1455,CSLGO1455,Lego
CSLGO,1456,CSLGO1456,Lego
CSLGO,1457,CSLGO1457,Lego
CSLGO,1458,CSLGO1458,Lego
CSLGO,1459,CSLGO1459,Lego
CSLGO,1460,CSLGO1460,Lego
CSLGO,1461,CSLGO1461,Lego
CSLGO,1462,CSLGO1462,Lego
CSLGO,1463,CSLGO1463,Lego
CSLGO,1464,CSLGO1464,Lego
CSLGO,1465,CSLGO1465,Lego
CSLGO,1466,CSLGO1466,Lego
CSLGO,1467,CSLGO1467,Lego
CSLGO,1468,CSLGO1468,Lego
CSLGO,1469,CSLGO1469,Lego
CSLGO,1470,CSLGO1470,Lego
CSLGO,1471,CSLGO1471,Lego
CSLGO,1472,CSLGO1472,Lego
CSLGO,1473,CSLGO1473,Lego
CSLGO,1474,CSLGO1474,Lego
CSLGO,1475,CSLGO1475,Lego
CSLGO,1476,CSLGO1476,Lego
CSLGO,1477,CSLGO1477,Lego
CSLGO,1478,CSLGO1478,Lego
CSLGO,1479,CSLGO1479,Lego
CSLGO,1480,CSLGO1480,Lego
CSLGO,1481,CSLGO1481,Lego
CSLGO,1482,CSLGO1482,Lego
CSLGO,1483,CSLGO1483,Lego
CSLGO,1484,CSLGO1484,Lego
CSLGO,1485,CSLGO1485,Lego
CSLGO,1486,CSLGO1486,Lego
CSLGO,1487,CSLGO1487,Lego
CSLGO,1488,CSLGO1488,Lego
CSLGO,1489,CSLGO1489,Lego
CSLGO,1490,CSLGO1490,Lego
CSLGO,1491,CSLGO1491,Lego
CSLGO,1492,CSLGO1492,Lego
CSLGO,1493,CSLGO1493,Lego
CSLGO,1494,CSLGO1494,Lego
CSLGO,1495,CSLGO1495,Lego
CSLGO,1496,CSLGO1496,Lego
CSLGO,1497,CSLGO1497,Lego
CSLGO,1498,CSLGO1498,Lego
CSLGO,1499,CSLGO1499,Lego
CSLGO,1500,CSLGO1500,Lego
CSLGO,1501,CSLGO1501,Lego
CSLGO,1502,CSLGO1502,Lego
CSLGO,1503,CSLGO1503,Lego
CSLGO,1504,CSLGO1504,Lego
CSLGO,1505,CSLGO1505,Lego
CSLGO,1506,CSLGO1506,Lego
CSLGO,1507,CSLGO1507,Lego
CSLGO,1508,CSLGO1508,Lego
CSLGO,1509,CSLGO1509,Lego
CSLGO,1510,CSLGO1510,Lego
CSLGO,1511,CSLGO1511,Lego
CSLGO,1512,CSLGO1512,Lego
CSLGO,1513,CSLGO1513,Lego
CSLGO,1514,CSLGO1514,Lego
CSLGO,1515,CSLGO1515,Lego
CSLGO,1516,CSLGO1516,Lego
CSLGO,1517,CSLGO1517,Lego
CSLGO,1518,CSLGO1518,Lego
CSLGO,1519,CSLGO1519,Lego
CSLGO,1520,CSLGO1520,Lego
CSLGO,1521,CSLGO1521,Lego
CSLGO,1522,CSLGO1522,Lego
CSLGO,1523,CSLGO1523,Lego
CSLGO,1524,CSLGO1524,Lego
CSLGO,1525,CSLGO1525,Lego
CSLGO,1526,CSLGO1526,Lego
CSLGO,1527,CSLGO1527,Lego
CSLGO,1528,CSLGO1528,Lego
CSLGO,1529,CSLGO1529,Lego
CSLGO,1530,CSLGO1530,Lego
CSLGO,1531,CSLGO1531,Lego
CSLGO,1532,CSLGO1532,Lego
CSLGO,1533,CSLGO1533,Lego
CSLGO,1534,CSLGO1534,Lego
CSLGO,1535,CSLGO1535,Lego
CSLGO,1536,CSLGO1536,Lego
CSLGO,1537,CSLGO1537,Lego
CSLGO,1538,CSLGO1538,Lego
CSLGO,1539,CSLGO1539,Lego
CSLGO,1540,CSLGO1540,Lego
CSLGO,1541,CSLGO1541,Lego
CSLGO,1542,CSLGO1542,Lego
CSLGO,1543,CSLGO1543,Lego
CSLGO,1544,CSLGO1544,Lego
CSLGO,1545,CSLGO1545,Lego
CSLGO,1546,CSLGO1546,Lego
CSLGO,1547,CSLGO1547,Lego
CSLGO,1548,CSLGO1548,Lego
CSLGO,1549,CSLGO1549,Lego
CSLGO,1550,CSLGO1550,Lego
CSLGO,1551,CSLGO1551,Lego
CSLGO,1552,CSLGO1552,Lego
CSLGO,1553,CSLGO1553,Lego
CSLGO,1554,CSLGO1554,Lego
CSLGO,1555,CSLGO1555,Lego
CSLGO,1556,CSLGO1556,Lego
CSLGO,1557,CSLGO1557,Lego
CSLGO,1558,CSLGO1558,Lego
CSLGO,1559,CSLGO1559,Lego
CSLGO,1560,CSLGO1560,Lego
CSLGO,1561,CSLGO1561,Lego
CSLGO,1562,CSLGO1562,Lego
CSLGO,1563,CSLGO1563,Lego
CSLGO,1564,CSLGO1564,Lego
CSLGO,1565,CSLGO1565,Lego
CSLGO,1566,CSLGO1566,Lego
CSLGO,1567,CSLGO1567,Lego
CSLGO,1568,CSLGO1568,Lego
CSLGO,1569,CSLGO1569,Lego
CSLGO,1570,CSLGO1570,Lego
CSLGO,1571,CSLGO1571,Lego
CSLGO,1572,CSLGO1572,Lego
CSLGO,1573,CSLGO1573,Lego
CSLGO,1574,CSLGO1574,Lego
CSLGO,1575,CSLGO1575,Lego
CSLGO,1576,CSLGO1576,Lego
CSLGO,1577,CSLGO1577,Lego
CSLGO,1578,CSLGO1578,Lego
CSLGO,1579,CSLGO1579,Lego
CSLGO,1580,CSLGO1580,Lego
CSLGO,1581,CSLGO1581,Lego
CSLGO,1582,CSLGO1582,Lego
CSLGO,1583,CSLGO1583,Lego
CSLGO,1584,CSLGO1584,Lego
CSLGO,1585,CSLGO1585,Lego
CSLGO,1586,CSLGO1586,Lego
CSLGO,1587,CSLGO1587,Lego
CSLGO,1588,CSLGO1588,Lego
CSLGO,1589,CSLGO1589,Lego
CSLGO,1590,CSLGO1590,Lego
CSLGO,1591,CSLGO1591,Lego
CSLGO,1592,CSLGO1592,Lego
CSLGO,1593,CSLGO1593,Lego
CSLGO,1594,CSLGO1594,Lego
CSLGO,1595,CSLGO1595,Lego
CSLGO,1596,CSLGO1596,Lego
CSLGO,1597,CSLGO1597,Lego
CSLGO,1598,CSLGO1598,Lego
CSLGO,1599,CSLGO1599,Lego
CSLGO,1600,CSLGO1600,Lego
CSLGO,1601,CSLGO1601,Lego
CSLGO,1602,CSLGO1602,Lego
CSLGO,1603,CSLGO1603,Lego
