var :che1,0x00000,2F0
var :che2,0x00000,29E
var :che3,0x00000,1DC
var :che4,0x00000,237
var :che5,0x00000,239
var :che6,0x00000,297
var :che7,0x00000,2CA
var :che8,0x00000,246
var :che9,0x00000,243
var :che10,0x00000,2C8
var :che11,0x00000,26E
var :che12,0x00000,245
var :che13,0x00000,2E1
var :che14,0x00000,190
var :che15,0x00000,2A4
var :che16,0x00000,18D
var :che17,0x00000,2D4
var :che18,0x00000,2CB
var :che19,0x00000,2B2
var :che20,0x00000,163
var :che21,0x00000,162
var :che22,0x00000,2CF
var :che23,0x00000,2D7
var :che24,0x00000,2B1
var :che25,0x00000,235
var :che26,0x00000,244
var :che27,0x00000,2F5
var :che28,0x00000,252
var :che29,0x00000,192
var :che30,0x00000,256
var :che31,0x00000,2ED
var :che32,0x00000,255
var :che33,0x00000,2B9
var :che34,0x00000,298
var :che35,0x00000,24F
var :che36,0x00000,24B
var :che37,0x00000,248
var :che38,0x00000,188
var :che39,0x00000,2B8
var :che40,0x00000,2D8
var :che41,0x00000,2F2
var :che42,0x00000,186
var :che43,0x00000,2E9
var :che44,0x00000,247
var :che45,0x00000,24E
var :che46,0x00000,184
var :che47,0x00000,2E0
var :che48,0x00000,293
var :che49,0x00000,1DA
var :che50,0x00000,2DA
var :che51,0x00000,2B7
var :che52,0x00000,24C
var :che53,0x00000,2A0
var :che54,0x00000,2E5
var :che55,0x00000,249
var :che56,0x00000,250
var :che57,0x00000,15F
var :che58,0x00000,2AA
var :che59,0x00000,2e2
var :che60,0x00000,29B
var :che61,0x00000,275
var :che62,0x00000,196
var :che63,0x00000,2F1
var :che64,0x00000,236
var :che65,0x00000,24D
var :che66,0x00000,251
var :che67,0x00000,257
var :che68,0x00000,2BC
var :che69,0x00000,2C2
var :che70,0x00000,161
var :che71,0x00000,2C9
var :che72,0x00000,2D2
var :che73,0x00000,130
var :che74,0x00000,18F
var :che75,0x00000,1D2
var :che76,0x00000,154
var :che77,0x00000,2BF
